col_a,col_b,col_c,col_d,col_e
cyv,jxq,kjg,iyh,gwn
qzr,plh,usf,kvl,spx
hmx,rui,wkz,epv,abx
hmb,adz,tjz,tyt,yrf
hih,xyo,wji,hve,pcl
sff,vlp,tlz,lou,dxe
hrq,cid,nhn,vym,ikz
rru,xau,qkn,xlr,dha
xgm,xvc,obu,mpb,ptz
ohj,nwm,elb,nfl,pgg
clx,wni,sxl,qrf,mtq
hnj,bfq,hme,gfq,tmt
uxg,bdx,tbi,wur,yem
osn,szp,ude,mte,xnj
myp,jrx,hzl,spv,nig
yjg,qzp,exl,doj,uvv
dxm,rwg,afm,ldm,rmm
cet,pnd,zmm,qmw,bcy
qry,sbc,hoj,gxd,xfm
abb,cou,ygv,fkg,vfu
gfe,pag,dsu,yef,eoa
kbi,gji,weh,iyl,qfs
wxk,hzk,sii,vuq,fwd
xxe,qqx,hrk,iec,uyo
wee,dyn,cuw,eds,snp
ppr,oeu,ezq,jze,dmj
waw,kjq,kum,ofs,jmv
uwd,whi,xyv,uuz,xof
gpg,elb,hgc,luq,bft
xwr,sgk,vdt,xkk,vnk
fyy,omt,qcw,siw,rxd
mxb,ngg,ier,vbl,sjn
sck,tzg,gxc,qmu,zuh
chk,gfv,lmz,tsb,lfp
xfi,qtr,oki,nbx,vwn
qov,xwx,usf,cep,jla
efd,ywg,fjz,bhd,ehm
nhw,sus,box,uzb,jyi
kbs,gjc,jvu,hpt,jet
kyk,ezk,jen,gxi,ehf
mrz,xfu,prh,cwo,mfp
rgw,vdw,guj,sbd,nwx
mpz,szi,aih,ndi,ttm
usz,ukz,bte,oai,dek
tpz,vxe,ahl,mis,wcu
gbs,pnj,sdz,pau,lvc
das,nbb,uyn,kxp,xee
ass,tyy,hsu,qct,yti
exp,jgq,isj,ash,vqw
ovq,cxv,drb,xzz,sli
scb,kpk,yww,hmn,jfe
ehk,vnv,oel,xpw,hkl
mwz,kis,oty,owq,puy
ejp,oyv,rwx,mnp,jfd
kqu,jku,mvq,egt,xja
pxv,jvg,uvd,axc,vzi
jei,gpv,lfh,ecs,uwe
moy,rxe,yry,iou,ain
zfi,nzf,dbw,cjn,tov
ann,pzn,cyk,kwa,mkm
djj,oqi,exi,zhd,mji
wco,jcx,tmd,xzm,sza
qzn,dff,irg,baj,soi
grh,ehp,nno,bgj,mzq
xor,rgi,qcz,npb,wkz
ibv,qbz,pin,rop,ehm
vlj,zdr,jvu,gyt,urj
uuu,mfm,ioa,ikg,cvy
lzb,etr,hdm,trv,cge
bei,fln,rqd,kpv,kkh
pbf,cvx,hrp,shv,rdr
ttq,oew,uqs,jmq,nkg
khg,qad,afn,ojz,wot
hzl,ain,enp,olo,gkj
bls,nzu,ctw,ysm,vsf
cwn,usy,nqv,nsk,auh
tnj,ino,kmf,qtf,xhw
sgm,vli,bnb,xqv,hdf
ojt,tzm,tif,tdc,pfh
mct,bvl,ypi,iav,law
gfy,uiv,uis,kgv,ift
dmw,tum,sab,pwa,jps
zzc,anb,oqo,nzo,cso
neb,tna,gav,tue,ljt
zia,zir,swf,yfe,ldu
bvq,tid,aqg,xww,kcj
kxe,gxt,pio,plf,jpb
tgq,tgd,qkv,sak,ocn
rkw,adi,iyo,zjg,jmy
xsn,hzp,aro,nsp,hrx
mdx,uwv,dol,sxs,nwj
eyd,paw,nuk,xuz,zbl
wih,hiq,ldp,pue,zdh
dbz,rym,tgx,qkx,hee
rcw,flh,ngv,luw,wyo
ozx,utj,zlu,ajf,lct
smt,cma,irv,ecd,tuz
tqp,dbg,arr,toe,pvb
yik,mwq,prg,zqg,nyd
wnz,zgo,mdy,qkh,wha
